{
    "last_long_sleep_time": 1726915510.4993365,
    "next_long_sleep": 1726987608.4993365,
    "long_sleep_duration": 20991,
    "long_sleep_delay": 2,
    "long_sleep_tries": 0,
    "last_afk_time": 1726915510.50035,
    "next_afk_sleep": 1726932767.50035,
    "afk_sleep_duration": 1717,
    "afk_sleep_delay": 3,
    "afk_sleep_tries": 0,
    "last_short_sleep": 1726927035.3938997,
    "next_short_sleep": 1726927438.3938997,
    "short_sleep_duration": 13,
    "short_sleep_delay": 9,
    "short_sleep_tries": 0,
    "update_time": 1726927105.5604434
}