{
    "last_long_sleep_time": 1727243206.7546234,
    "next_long_sleep": 1727318171.7546234,
    "long_sleep_duration": 17761,
    "long_sleep_delay": 1,
    "long_sleep_tries": 0,
    "last_afk_time": 1727243206.756622,
    "next_afk_sleep": 1727263133.756622,
    "afk_sleep_duration": 1189,
    "afk_sleep_delay": 8,
    "afk_sleep_tries": 0,
    "last_short_sleep": 1727243206.7576227,
    "next_short_sleep": 1727244279.7576227,
    "short_sleep_duration": 25,
    "short_sleep_delay": 5,
    "short_sleep_tries": 0,
    "update_time": 1727243206.7576227
}