{
    "last_long_sleep_time": 1726840792.210051,
    "next_long_sleep": 1726907556.210051,
    "long_sleep_duration": 17733,
    "long_sleep_delay": 2,
    "long_sleep_tries": 0,
    "last_afk_time": 1726840792.2120352,
    "next_afk_sleep": 1726866502.2120352,
    "afk_sleep_duration": 1589,
    "afk_sleep_delay": 3,
    "afk_sleep_tries": 0,
    "last_short_sleep": 1726840792.2130527,
    "next_short_sleep": 1726841844.2130527,
    "short_sleep_duration": 39,
    "short_sleep_delay": 6,
    "short_sleep_tries": 0,
    "update_time": 1726840792.2130527
}