{
    "last_long_sleep_time": 1734327639.7392423,
    "next_long_sleep": 1734399907.7392423,
    "long_sleep_duration": 20281,
    "long_sleep_delay": 3,
    "long_sleep_tries": 0,
    "last_afk_time": 1734327639.742243,
    "next_afk_sleep": 1734354051.742243,
    "afk_sleep_duration": 1112,
    "afk_sleep_delay": 13,
    "afk_sleep_tries": 0,
    "last_short_sleep": 1734327639.7432425,
    "next_short_sleep": 1734328511.7432425,
    "short_sleep_duration": 54,
    "short_sleep_delay": 1,
    "short_sleep_tries": 0,
    "update_time": 1734327639.7432425
}