{
    "last_long_sleep_time": 1728448906.350632,
    "next_long_sleep": 1728518268.350632,
    "long_sleep_duration": 19617,
    "long_sleep_delay": 2,
    "long_sleep_tries": 0,
    "last_afk_time": 1728448906.352631,
    "next_afk_sleep": 1728477594.352631,
    "afk_sleep_duration": 1067,
    "afk_sleep_delay": 5,
    "afk_sleep_tries": 0,
    "last_short_sleep": 1728453012.415491,
    "next_short_sleep": 1728454297.415491,
    "short_sleep_duration": 34,
    "short_sleep_delay": 8,
    "short_sleep_tries": 0,
    "update_time": 1728454190.766161
}