{
    "last_long_sleep_time": 1726117939.0052853,
    "next_long_sleep": 1726190648.0052853,
    "long_sleep_duration": 24220,
    "long_sleep_delay": 3,
    "long_sleep_tries": 0,
    "last_afk_time": 1726117939.0062845,
    "next_afk_sleep": 1726139696.0062845,
    "afk_sleep_duration": 1373,
    "afk_sleep_delay": 1,
    "afk_sleep_tries": 0,
    "last_short_sleep": 1726156145.2523162,
    "next_short_sleep": 1726158995.2523162,
    "short_sleep_duration": 26,
    "short_sleep_delay": 6,
    "short_sleep_tries": 0,
    "update_time": 1726158057.142397
}