{
    "last_long_sleep_time": 1728895399.5104704,
    "next_long_sleep": 1728961128.5104704,
    "long_sleep_duration": 25109,
    "long_sleep_delay": 2,
    "long_sleep_tries": 0,
    "last_afk_time": 1728895399.5124702,
    "next_afk_sleep": 1728922822.5124702,
    "afk_sleep_duration": 1611,
    "afk_sleep_delay": 1,
    "afk_sleep_tries": 0,
    "last_short_sleep": 1728911820.1530933,
    "next_short_sleep": 1728914569.1530933,
    "short_sleep_duration": 24,
    "short_sleep_delay": 7,
    "short_sleep_tries": 0,
    "update_time": 1728912963.700175
}