{
    "last_long_sleep_time": 1729067546.8215415,
    "next_long_sleep": 1729136355.8215415,
    "long_sleep_duration": 24585,
    "long_sleep_delay": 2,
    "long_sleep_tries": 0,
    "last_afk_time": 1729067546.8235345,
    "next_afk_sleep": 1729095557.8235345,
    "afk_sleep_duration": 1741,
    "afk_sleep_delay": 2,
    "afk_sleep_tries": 0,
    "last_short_sleep": 1729085755.322201,
    "next_short_sleep": 1729087320.322201,
    "short_sleep_duration": 45,
    "short_sleep_delay": 3,
    "short_sleep_tries": 0,
    "update_time": 1729086374.9062412
}