{
    "last_long_sleep_time": 1727508042.464663,
    "next_long_sleep": 1727578583.464663,
    "long_sleep_duration": 24324,
    "long_sleep_delay": 2,
    "long_sleep_tries": 0,
    "last_afk_time": 1727508042.4666555,
    "next_afk_sleep": 1727534757.4666555,
    "afk_sleep_duration": 1791,
    "afk_sleep_delay": 1,
    "afk_sleep_tries": 0,
    "last_short_sleep": 1727508042.4686532,
    "next_short_sleep": 1727510173.4686532,
    "short_sleep_duration": 60,
    "short_sleep_delay": 6,
    "short_sleep_tries": 0,
    "update_time": 1727508042.4686532
}