{
    "last_long_sleep_time": 1728277220.2823734,
    "next_long_sleep": 1728348333.2823734,
    "long_sleep_duration": 24314,
    "long_sleep_delay": 2,
    "long_sleep_tries": 0,
    "last_afk_time": 1728277220.2843764,
    "next_afk_sleep": 1728296812.2843764,
    "afk_sleep_duration": 1405,
    "afk_sleep_delay": 3,
    "afk_sleep_tries": 0,
    "last_short_sleep": 1728277220.285356,
    "next_short_sleep": 1728279517.285356,
    "short_sleep_duration": 22,
    "short_sleep_delay": 1,
    "short_sleep_tries": 0,
    "update_time": 1728277923.4608996
}