{
    "last_long_sleep_time": 1728614710.121699,
    "next_long_sleep": 1728682785.121699,
    "long_sleep_duration": 16044,
    "long_sleep_delay": 3,
    "long_sleep_tries": 0,
    "last_afk_time": 1728614710.124702,
    "next_afk_sleep": 1728629640.124702,
    "afk_sleep_duration": 1020,
    "afk_sleep_delay": 4,
    "afk_sleep_tries": 0,
    "last_short_sleep": 1728614710.1257024,
    "next_short_sleep": 1728616285.1257024,
    "short_sleep_duration": 49,
    "short_sleep_delay": 7,
    "short_sleep_tries": 0,
    "update_time": 1728614710.1257024
}